Age,Sex,BP,Cholesterol,Na,K
45,M,LOW,HIGH,0.753504,0.041976
58,F,HIGH,NORMAL,0.868924,0.061023
31,M,HIGH,HIGH,0.740936,0.0244
23,M,NORMAL,NORMAL,0.78452,0.055959
68,M,LOW,HIGH,0.726677,0.070616
68,M,HIGH,HIGH,0.639888,0.058123
50,F,NORMAL,HIGH,0.82778,0.065166
41,M,LOW,HIGH,0.766635,0.069461
55,F,HIGH,HIGH,0.637231,0.058054
51,F,LOW,NORMAL,0.876828,0.038118
74,F,LOW,HIGH,0.792674,0.037851
74,M,LOW,NORMAL,0.787812,0.065984
73,F,NORMAL,HIGH,0.832683,0.043321
22,M,LOW,HIGH,0.526672,0.064617
60,F,HIGH,HIGH,0.800607,0.060181
28,F,HIGH,NORMAL,0.556833,0.029604
61,F,LOW,NORMAL,0.522891,0.071238
49,F,NORMAL,NORMAL,0.694689,0.074055
28,F,LOW,HIGH,0.606933,0.030659
43,M,NORMAL,NORMAL,0.538856,0.041905
36,F,NORMAL,HIGH,0.563217,0.033618
28,F,NORMAL,HIGH,0.744956,0.057843
32,F,HIGH,NORMAL,0.724375,0.070383
36,F,HIGH,NORMAL,0.575058,0.037124
37,M,LOW,NORMAL,0.73154,0.043743
53,M,LOW,HIGH,0.618603,0.026939
65,F,LOW,NORMAL,0.760221,0.055214
15,M,NORMAL,HIGH,0.64236,0.07071
59,F,LOW,HIGH,0.640455,0.06132
51,M,HIGH,HIGH,0.83849,0.045831
20,F,HIGH,HIGH,0.887426,0.078798
42,M,LOW,HIGH,0.756097,0.03778
61,F,HIGH,HIGH,0.63126,0.02478
45,F,HIGH,HIGH,0.547821,0.042619
19,F,HIGH,NORMAL,0.742092,0.028576
22,M,NORMAL,HIGH,0.536324,0.044871
32,F,HIGH,NORMAL,0.643455,0.024773
39,F,NORMAL,NORMAL,0.517515,0.053301
31,M,HIGH,NORMAL,0.695183,0.058559
58,F,LOW,HIGH,0.887928,0.033324
39,F,LOW,NORMAL,0.649096,0.028598
62,M,LOW,NORMAL,0.804173,0.029584
20,F,LOW,NORMAL,0.811023,0.069402
20,M,HIGH,NORMAL,0.764067,0.021439
38,M,LOW,HIGH,0.851019,0.046516
58,M,HIGH,HIGH,0.76909,0.040497
72,F,LOW,NORMAL,0.7586,0.05181
15,M,HIGH,NORMAL,0.58301,0.033885
43,M,HIGH,HIGH,0.656371,0.046979
49,M,HIGH,NORMAL,0.538183,0.061859
